Item Name,Qty,Price (total) (USD),Item link,Notes
keycaps,4,$2.58,https://www.aliexpress.com/item/1005008827240220.html?spm=a2g0n.productlist.0.0.2d787b89Wych7K&browser_id=88688e762c4b4ac592af2021b8ba8817&aff_platform=msite&m_page_id=rjdwismp7vocaxrh1a1062c3e3e198b9f1cb1688d0&gclid=&pdp_ext_f=%7B%22order%22%3A%221489%22%2C%22spu_best_type%22%3A%22price%22%2C%22eval%22%3A%221%22%2C%22fromPage%22%3A%22search%22%7D&pdp_npi=6%40dis%21PKR%21714.81%21711.66%21%21%212.27%212.26%21%402102eb1417911049252034253e0f35%2112000046843776636%21sea%21PK%210%21ABX%211%210%21n_tag%3A-29910%3Bd%3A88b7f846%3Bm03_new_user%3A-29895%3BpisId%3A5000000216890786&isseo=y&algo_pvid=ed0f8664-520b-4492-aec7-cdbeb7161844&utparam-url=scene%3Asearch%7Cquery_from%3A%7Cx_object_id%3A1005008827240220%7C_p_origin_prod%3A,multicolor keycaps for macropad
Mx switch,4,$9.60,https://www.aliexpress.com/item/4000100166477.html?spm=a2g0n.productlist.0.0.5d422464LBuJkQ&browser_id=88688e762c4b4ac592af2021b8ba8817&aff_platform=msite&m_page_id=rjdwismp7vocaxrh19fe0c04227247d6e50a35c1b8&gclid=&pdp_ext_f=%7B%22order%22%3A%2229%22%2C%22eval%22%3A%221%22%2C%22fromPage%22%3A%22search%22%7D&pdp_npi=6%40dis%21PKR%212883.33%212708.77%21%21%219.25%218.69%21%40ac10c6f117861821240587633d4451%2110000000263150986%21sea%21PK%210%21ABX%211%210%21n_tag%3A-29910%3Bd%3A88b7f846%3Bm03_new_user%3A-29895&algo_pvid=fc0baad9-8cc8-423f-a047-dd8736d333ec&utparam-url=scene%3Asearch%7Cquery_from%3A%7Cx_object_id%3A4000100166477%7C_p_origin_prod%3A,mx switches for macropad 
PCB,5,$16.22,https://cart.jlcpcb.com/shopcart/cart/,pcb from jlcpcb
case,1,                             -,https://github.com/nabaafatima/first-ever-macropad/blob/main/CAD/bottom%2Bpart.stl,from printing legion
plate,1,-,https://github.com/nabaafatima/first-ever-macropad/blob/main/CAD/plate.stl,from printing legion
,,,,
,,,,
,,,,
,,,,
,,,,
,,,,
,,,,
,,,,
,,,,
,,,,
,,,,
,,,,
,,,,
,,,,
Total Price (USD):,$28.40,,,